Titre,Réalisateur,Scénariste,Compositeur,Directeur photo,Directeur montage,Acteur 1,Acteur 2,Acteur 3,Genre,Popularité genre,Popularité thème,Rareté émotion,Référence,Budget (M$),Box Office (M$),Rentabilité (%),Succès
The Hurt Locker,Kathryn Bigelow,Mark Boal,Marco Beltrami,Barry Ackroyd,Bob Murawski,Jeremy Renner,Anthony Mackie,Ralph Fiennes,Guerre,2,1,2,2,11,49.2,347.2727273,2
Avatar,James Cameron,James Cameron,James Horner,Mauro Fiore,James Cameron,Sam Worshington,Zoe Saldana,Sigourney Weaver,SF,3,2,3,1,425,2790,556.4705882,2
The King's Speech,Tom Hooper,David Seidler,Alexandre Desplat,Danny Cohen,Tariq Anwar,Colin Firfth,Geodffrey Rush,Helena Bonham Carter,Drame,1,1,2,2,10,414,4040,2
Inception,Christopher Nolan,Christopher Nolan,Hans Zimmer,Wally Pfister,Lee Smith,Leonardo DiCaprio,Ellen Page,Marion Cotillard,SF,3,2,3,0,160,825,415.625,2
The Social Network,David Fincher,Aaron Sorkin,Trent Reznor,Jeff Cronenweth,Kirk Baxter,Jesse Eisenberg,Andrew Garfield,Justin Timberlake,Biopic,2,1,2,1,40,224,460,2
Midnight in Paris,Woody Allen,Woody Allen,Stéphane Wrembel,Darius Khondji,Alisa Lepselter,Owen Wilson,Marion Cotillard,Rachel McAdams,Comédie,3,0,1,0,30,151,403.3333333,2
The Artist,Michel Hazanavicius,Michel Hazanavicius,Ludovic Bource,Guillaume Schiffman,Michel Hazanavicius,Jean Dujardin,Bérénice Bejo,James Cromwell,Comédie,3,1,2,1,12,133,1008.333333,2
Hugo Cabret,Martin Scorsese,John Logan,Howard Shore,Robert Richardson,Thelma Schoonmaker,Asa Butrerfield,Chloë Grace Moretz,Ben Kingsley,Fantastique,2,0,0,0,160,186,16.25,1
The Girl with the Dragon Tatto,David Fincher,Steven Zaillian,Trent Reznor,Jeff Cronenweth,Kirk Baxter,Daniel Craig,Rooney Mara,Stellan Skarsgård,Thriller,3,1,2,2,90,232,157.7777778,2
Django Unchained,Quentin Tarantino,Quentin Tarantino,Ennio Morricone,Robert Richardson,Fred Raskin,Jamie Foxx,Christoph Waltz,Leonardo DiCaprio,Western,1,2,3,1,100,425.4,325.4,2
Life of Pi,Ang Lee,David Magee,Mychael Danna,Claudio Miranda,Tim Squyres,Suraj Sharma,Irrfan Khan,Ayush Tandon,Aventure,3,2,3,1,100,609,509,2
Argo,Ben Affleck,Chris Terrio,Alexandre Desplat,Rodrigo Prieto,William Goldenberg,Ben Affleck,Bryan Cranston,John Goodman,Thriller,3,0,1,1,44.5,232.3,422.0224719,2
Her,Spike Jonze,Spike Jonze,Arcade Fire,Hoyte Van Hoytema,Jeff Buchanan,Joaquin Phoenix,Scarlett Johansson,Amy Adams,SF,3,1,2,1,23,48.3,110,2
Gravity,Alfonso Cuarón,Alfonso Cuarón,Steven Price,Emmanuel Lubezki,Alfonso Cuarón,Sandra Bullock,Georges Clooney,Ed Harris,SF,3,2,3,1,100,723.2,623.2,2
Gone Girl,David Fincher,Gillian Flynn,Trent Reznor,Jeff Cronenweth,Kirk Baxter,Ben Affleck,Rosamund Pike,Neil Patrick Harris,Thriller,3,2,3,1,61,369,504.9180328,2
Drive,Nicolas Winding Refn,Hossein Amini,Cliff Martinez,Newton Thomas Sigel,Matthew Newman,Ryan Gosling,Carey Mulligan,Bryan Cranston ,Thriller,3,2,3,0,16,81.4,408.75,2
Only God Forgives,Nicolas Winding Refn,Nicolas Winding Refn,Cliff Martinez,Larry Smith,Matthew Newman,Ryan Gosling,Kristin Scott Thomas,Vithaya Pansringarm,Thriller,3,2,3,1,3.6,10.6,194.4444444,2
Interstellar,Christopher Nolan,Christopher Nolan,Hans Zimmer,Hoyte Van Hoytema,Lee Smith,Matthew McConaughey,Anne Hathaway,Jessica Chastain,SF,3,2,3,0,165,677.5,310.6060606,2
Trance,Danny Boyle,Joe Ahearne,Rick Smith,Anthony Dod Mantle,Jon Harris,James McAvoy ,Rosario Dawson,Vincent Cassel,Thriller,3,0,0,0,20,24.2,21,1
127 hours,Danny Boyle,Danny Boyle,A.R. Rahman,Enrique Chediak,Jon Harris,James Franco,Clémence Poésy,Kate Mara,Drame,1,0,1,0,18,60.7,237.2222222,2
Incendies,Denis Villeneuve,Denis Villeneuve,Grégoire Hetzel,André Turpin,Monique Dartonne,Lubna Azabal,Mélissa Désormeaux-Poulin,Maxim Gaudette,Drame,1,1,2,0,6.5,16,146.1538462,2
Prisoners,Denis Villeneuve,Aaron Guzikowski,Jóhann Jóhannsson,Roger Deakins,Joel Cox,Hugh Jackman,Jake Gyllenhaal,Maria Bello,Policier,2,2,2,0,46,122.1,165.4347826,2
Enemy,Denis Villeneuve,Javier Gullón,Danny Bensi,Nicolas Bolduc,Matthew Hannam,Jake Gyllenhaal,Mélanie Laurent,Sarah Gadon,Fantastique,2,1,2,0,29,3.4,-88.27586207,0
Les Misérables,Tom Hooper,William Nicholson,Claude-Michel Schönberg,Danny Cohen,Chris Dickens,Hugh Jackman,Russell Crowe,Sacha Baron Cohen,Drame,1,2,1,2,61,441.8,624.2622951,2
Enter the Void,Gaspar Noé,Gaspar Noé,Thomas Bangalter,Benoît Debie,Gaspar Noé,Nathaniel Brown,az de la Huerta,Olly Alexander,Fantastique,2,2,3,1,12,1.5,-87.5,0
The tree of Life,Terrence Malick,Terrence Malick,Alexandre Desplat,Emmanuel Lubezki,Hank Corvin,Brad Pitt,Jessica Chastain,Sean Penn,Drame,1,2,3,0,32,61.7,-94.375,0
Song to song,Terrence Malick,Terrence Malick,Aucun,Emmanuel Lubezki,Brian Berdan,Ryan Gosling,Rooney Mara,Michael Fassbender,Drame,1,0,1,0,5,1.8,466,2
The Master,Paul Thomas Anderson,Paul Thomas Anderson,Jonny Greenwood,Mihai Malaimare Jr,Leslie Jones,Joaquin Phoenix,Philip Seymour Hoffman,Amy Adams,Drame,1,2,2,0,35,28.3,-19.14285714,0
Blue Jasmine,Woody Allen,Woody Allen,Christopher Lennertz,Javier Aguirresarobe,Alisa Lepselter,Cate Blanchett,Sally Hawkins,Alec Baldwin,Drame,1,0,1,0,18,97.5,441.6666667,2
To Rome with love,Woody Allen,Woody Allen,Mop Mop.,Darius Khondji,Alisa Lepselter,Woody Allen,Alec Baldwin,Roberto Benigni,Comédie,3,0,1,0,21.5,73.2,240.4651163,2
Melancholia,Lars von trier,Lars von trier,Aucun,Manuel Alberto Claro,Molly Marlene Stensgaard,Kirsten Dunst,Charlotte Gainsbourg,Kiefer Sutherland,Catastrophe,1,2,3,1,6.8,15.9,133.8235294,2
Nymphomaniac,Lars von trier,Lars von trier,Kristian Eidnes Andersen,Manuel Alberto Claro,Molly Marlene Stensgaard,Charlotte Gainsbourg,Stacy Martin,Stellan Skarsgård,Drame,1,0,1,1,9.4,10.3,9.574468085,1
Promised Land,Gus van Sant,John Krasinski,Danny Elfman,Linus Sandgren,Billy Rich,Matt Damon,John Krasinki,Frances McDormand,Drame,1,1,1,0,15,8.1,-46,0
Restless,Gus van Sant,Jason Lew,Danny Elfman,Harris Savides,Elliot Graham,Mia Wasikowska,Henry Hopper,Ryo Kase,Drame,1,0,1,0,8,1.6,-80,0
Cloud Atlas,Wachowskis,Wachowskis,Reinhold Heil,Frank Griebe,Alexander Berner,Tom Hanks,Halle Berry,Hugo Weaving,SF,3,2,3,2,128.5,130.5,1.556420233,1
The Wolf of Wall Street,Martin Scorsese,Terence Winter,Howard Shore,Rodrigo Prieto,Thelma Schoonmaker,Leonardo DiCaprio,Jonah Hill,Margot Robbie,Biopic,2,1,2,1,100,392,292,2
War horse,Steven Spielberg,Richard Curtis,John Williams,Janusz Kamiński,Michael Kahn,Jeremy Irvine,Tom Hiddleston,Benedict Cumberbatch,Historique,2,0,1,1,66,177.6,169.0909091,2
Lincoln,Steven Spielberg,Tony Kushner,John Williams,Janusz Kamiński,Michael Kahn,Daniel Day-Lewis,Sally Field,Tommy Lee Jones,Biopic,2,1,2,1,65,275.3,323.5384615,2
Prometheus,Ridley Scott,Damon Lindelof,Marc Streitenfeld,Dariusz Wolski,Pietro Scalia,Noomi Rapace,Michael Fassbender,Charlize Theron,SF,3,1,2,0,130,403.4,210.3076923,2
Robin Hood,Otto Bathurst,Ben Chandler,Joseph Trapanese,George Steel,Chris Barwell,Taron Egerton,Jamie Foxx,Ben Mendelsohn,Aventure,3,0,0,1,100,84.8,-15.2,0
Cartel,Ridley Scott,Cormac McCarthy,Daniel Pemberton,Dariusz Wolski,Pietro Scalia,Michael Fassbender,Penélope Cruz,Cameron Diaz,Thriller,3,0,1,0,25,71,184,2
American Bluff,Damon Lindelof,Eric Warren Singer,Danny Elfman,Linus Sandgren,Alan Baumgarten,Christian Bale,Bradley Cooper,Amy Adams,Policier,2,1,2,1,40,251.2,528,2
12 years a slave,Steve McQueen,John Ridley,Hans Zimmer,Sean Bobbitt,Joe Walker,Chiwetel Ejiofor,Michael Fassbender,Lupita Nyong'o,Historique,2,2,3,3,21,187.7,793.8095238,2
Shame,Steve McQueen,Steve McQueen,Harry Escott,Sean Bobbitt,Joe Walker,Michael Fassbender,Carey Mulligan,James Badge Dale,Drame,0,2,3,2,6.5,20.4,213.8461538,2
Dallas Buyers club,Jean-Marc Vallée,Craig Borten,Danny Elfman,Yves Bélanger,Jean-Marc Vallée,Matthew McConaughey,Jennifer Garner,Jared Leto,Historique,2,2,2,3,5.5,55.2,903.6363636,2
Moonrise kingdom,Wes Anderson,Wes Anderson,Alexandre Desplat,Robert D. Yeoman,Andrew Weisblum,Bruce Willis,Edward Norton,Bill Murray,Comédie,3,2,3,1,16,63.9,299.375,2
Snowpiercer,Bong Joon-ho,Bong Joon-ho,Marco Beltrami,Hong Kyung-pyo,Steve M. Choe,Chris Evans,Song Kang-ho,Ed Harris,SF,3,1,2,1,40,86.8,117,2
Mother,Bong Joon-ho,Bong Joon-ho,Lee Byeong-woo,Alex Hong Kyung-Pyo,Moon Sae-kyoung,Kim Hye-ja,Won Bin,Jin Goo,Drame,1,2,3,0,5,17.1,242,2
Black Swann,Darren Aronofsky,Darren Aronofsky,Clint Mansell,Matthew Libatique,Andrew Weisblum,Natalie Portman,Mila Kunis,Vincent Cassel,Thriller,3,2,3,1,13,329.4,2433.846154,2
Stoker,Park Chan-wook,Wentworth Miller,Clint Mansell,Chung Chung-hoon,Nicolas De Toth,Mia Wasikowska,Nicole Kidman,Matthew Goode,Drame,1,1,2,0,12,12.1,0.833333333,1
John Carter,Andrew Stanton,Andrew Stanton,Michael Giacchino,Daniel Mindel,Eric Zumbrunnen,Taylor Kitsch,Lynn Collins,Samantha Morton,Fantastique,2,1,0,0,260,284,9.230769231,1
RIPD,Robert Schwentke,Phil Hay,Christophe Beck,Alwin H. Kuchler,Mark Helfrich,Jeff Bridges,Ryan Reynolds,Kevin Bacon,Action,3,0,0,0,154,78,-49.35064935,0
The Lone Ranger,Gore Verbinski,Ted Elliott,Hans Zimmer,Bojan Bazelli,Craig Wood,Johnny Depp,Armie Hammer,Helena Bonham Carter,Western,1,0,0,0,215,260,20.93023256,1
47 Ronin,Carl Erik Rinsch,Hossein Amini,Ilan Eshkeri,John Mathieson,Stuart Baird,Keanu Reeves,Hiroyuki Sanada,Rinko Kikuchi,Fantastique,2,0,1,1,175,151.8,-13.25714286,0
Man of Tai chi,Keanu Reeves,Michael G. Cooney,Kwong-wing Chan,Elliot Davis,Derek Hui,Keanu Reeves,Tiger Hu Chen,Simon Yam,Action,3,1,1,0,25,5.5,-78,0
Tron Heritage,Joseph Kosinski,Adam Horowitz,Daft Punk,Claudio Miranda,James Haygood,Jeff Bridges,Garreth Boxleitner,Jeff Bridges,SF,3,2,3,1,170,400,135.2941176,2
Invictus,Clint Eastwood,Anthony Peckham,Kyle Eastwood,Tom Stern,Joel Cox,Matt Damon,Morgan Freeman,Tonu Kgoroge,Biopic,2,3,2,2,60,122.1,103.5,2
Intouchables,Olivier Nakache et Éric Toledano,Olivier Nakache et Éric Toledano,Ludovico Einaudi,Mathieu Vadepied,Dorian Rigal-Ansous,François Cluzet,Omar Sy,Audrey Fleurot ,Comédie,3,2,3,3,9.6,444.7,4532.291667,2
Inside Llewyn Davis,Joel et Ethan Coen ,Joel et Ethan Coen ,Marcus Mumford,Bruno Delbonnel,Joel et Ethan Coen ,Oscar Isaac,Carey Mulligan,Justin Timberlake,Comédie,3,0,1,0,11,32.9,199.0909091,2
Dogville,Lars von Trier,Lars von Trier,Aucun,Anthony Dod Mantle,Aucun,Nicole Kidman ,Stellan Skarsgård,Harriet Andersson,Drame,1,2,2,1,10,16.7,67,2
I Origins,Mike Cahill,Mike Cahill,Will Bates,Markus Förderer,Mike Cahill,Michael Pitt,Brit Marling,Àstrid Bergès-Frisbey,Drame,1,2,3,1,0.5,1,100,2
Shutter Island,Martin Scorsese,Laeta Kalogridis,John Powell,Robert Richardson,Thelma Schoonmaker,Leonardo DiCaprio,Mark Ruffalo ,Ben Kingsley,Thriller,3,2,3,2,65,294.8,353.5384615,2
The raid ,Gareth Evans,Gareth Evans,Fajar Yuskemal,Matt Flannery,Gareth Evans,Iko Uwais,Doni Alamsyah,Yayan Ruhian,Action,3,0,1,0,1.1,9.3,745.4545455,2
Under the skin,Jonathan Glazer,Walter Campbell,Mica Levi,Daniel Landin,Paul Watts,Scarlett Johansson,Lynsey Taylor MacKay,Paul Brannigan,SF,3,2,3,1,8,5.2,-35,0
Winter slep,Nuri Bilge Ceylan,Nuri Bilge Ceylan,Aucun,Gökhan Tiryaki,Nuri Bilge Ceylan,Haluk Bilginer,Demet Akbağ,Melisa Sözen,Drame,1,0,1,0,3,4,33.33333333,1
Un prophète,Jacques Audiard,Jacques Audiard,Alexandre Desplat,Stéphane Fontaine,Juliette Welfling,Tahar Rahim,Niels Arestrup,Adel Bencherif,Gangsters,2,0,1,1,13,17.9,37.69230769,1
Warrior,Gavin O'Connor,Gavin O'Connor,Mark Isham,Masanobu Takayanagi,Sean Albertson,Tom Hardy,Joel Edgerton,Frank Grillo,Drame,1,0,1,0,25,23.1,-7.6,0
Gatsby,Baz Luhrmann,Baz Luhrmann,Craig Armstrong,Simon Duggan,Jason Ballantine,Leonardo DiCaprio,Tobey Maguire,Carey Mulligan,Drame,1,1,2,1,105,353.6,236.7619048,2
Mommy,Xavier Dolan,Anne Dorval,Noia,André Turpin,Xavier Dolan,Anne Dorval,Antoine Olivier Pilon,Suzanne Clément,Drame,1,2,3,1,4.9,13.1,167.3469388,2
Captain Philipps,Paul Greengrass,Billy Ray,Henry Jackman,Barry Ackroyd,Christopher Rouse,Tom Hanks,Barkhad Abdi,Max Martini,Biopic,2,1,3,3,55,218.8,297.8181818,2
Boyhood,Richard Linklater,Richard Linklater,Franklin Shepard,Lee Daniel,Sandra Adair,Ellar Coltrane ,Patricia Arquette,Ethan Hawke,Comédie,3,2,3,1,4,57.3,1332.5,2
Polisse,Maïwenn,Maïwenn,Stephen Warbeck,Pierre Aïm,Yann Dedet,Karin Viard,Joey Starr,Marina Foïs,Policier,2,2,3,1,7,20.3,190,2
Ted,Seth MacFarlane,Seth MacFarlane,Walter Murphy,Michael Barrett,Jeff Freeman,Mark Wahlberg,Mila Kunis,Seth MacFarlane,Comédie,3,0,1,0,50,549.4,998.8,2
Sanctum,James Cameron,John Garvin,David Hirschfelder,Jules O'Loughlin,Mark Warner,Richard Roxburgh,Rhys Wakefield ,Alice Parkinson,Aventure,3,0,1,0,30,108.6,262,2
Lucy,Luc Besson,Luc Besson,Éric Serra,Thierry Arbogast,Julien Rey,Scarlett Johansson,Morgan Freeman,Choi Min-sik,SF,3,2,2,1,40,463.4,1058.5,2
Chronicle,Josh Trank,Max Landis,Lior Ron,Matthew Jensen,Elliot Greenberg,Alex Russell,Michael B. Jordan,Dane DeHaan,Super-héros,1,2,0,0,12,126.6,955,2
True Grit,Joel et Ethan Coen ,Joel et Ethan Coen ,Carter Burwell,Roger Deakins,Joel et Ethan Coen ,Hailee Steinfeld,Jeff Bridges,Matt Damon,Western,1,2,2,1,38,252.3,563.9473684,2
Cowboys and aliens,Jon Favreau,Roberto Orci,Mark Ulano,Matthew Libatique,Dan Lebental,Daniel Craig,Harrison Ford ,Olivia Wilde,SF,3,0,1,0,163,174.8,7.239263804,1
How Do You Know,James L. Brooks,Janusz Kaminski,Hans Zimmer,Janusz Kaminski,Richard Marks,Reese Witherspoon,Paul Rudd,Owen Wilson,Comédie,3,0,1,0,100,48.6,-51.4,0
Silver Linings Playbook,David O. Russell,David O. Russell,Danny Elfman,Masanobu Takayanagi,Jay Cassidy,Bradley Cooper,Jennifer Lawrence,Robert De Niro,Comédie,3,0,1,1,21,236.4,1025.714286,2
The Place beyond the pines,Derek Cianfrance,Derek Cianfrance,Mike Patton,Sean Bobbitt,Jim Helton,Ryan Gosling,Bradley Cooper,Eva Mendes,Drame,1,2,3,0,15,47,213.3333333,2
Night Call,Dan Gilroy,Dan Gilroy,James Newton Howard,Robert Elswit,Dan Gilroy,Jake Gyllenhaal,Rene Russo,Riz Ahmed ,Thriller,3,2,2,0,8.5,50.3,491.7647059,2
The Immigrant,James Gray,James Gray,Christopher Spelman,Darius Khondji,John Axelrad,Joaquin Phoenix,Marion Cotillard,Jeremy Renner,Drame,1,1,1,1,16.5,5.9,-64.24242424,0
Passion,Brian De Palma,Brian De Palma,Pino Donaggio,José Luis Alcaine,François Gédigier,Rachel McAdams ,Noomi Rapace ,Karoline Herfurth,Thriller,3,1,2,1,30,92,206.6666667,2
Zero dark thirty,Kathryn Bigelow,Mark Boal,Alexandre Desplat,Greig Fraser,William Goldenberg,Jessica Chastain,Jason Clarke,Joel Edgerton,Thriller,3,2,2,2,40,132.8,232,2
White House Down,Rolland Emmerich,James Vanderbilt,Harald Kloser,Anna Foerster,Adam Wolfe,Channing Tatum,Jamie Foxx,Maggie Gyllenhaal,Thriller,3,0,0,0,150,205.3,36.86666667,1
Contagion,Steven Soderbergh,Scott Z. Burns,Cliff Martinez,Steven Soderbergh,Stephen Mirrione,Matt Damon,Kate Winslet,Marion Cotillard,Thriller,3,0,0,0,60,135.5,125.8333333,2
The bling ring,Sofia Coppola,Sofia Coppola,Daniel Lopatin,Harris Savides,Sarah Flack,Emma Watson,Leslie Mann,Israel Broussard,Comédie,3,0,0,0,8,19.1,138.75,2
Seven Psychopaths,Martin McDonagh,Martin McDonagh,Carter Burwell,Ben Davis,Lisa Gunning,Colin Farrell,Woody Harrelson,Christopher Walken,Comédie,3,0,1,0,14,33,135.7142857,2
L'immortel,Richard Berry,Richard Berry,Klaus Badelt,Thomas Hardmeier,Camille Delamarre,Jean Reno,Kad Merad,Marina Foïs,Policier,2,0,1,1,18,21.3,18.33333333,1
About time,Richard Curtis,Richard Curtis,Nick Laird-Clowes,John Guleserian,Mark Day,Domhnall Gleeson,Rachel McAdams,Bill Nighy,Comédie,3,1,2,0,12,87.1,625.8333333,2
Revenge,Susanne Bier,Susanne Bier,Johan Söderqvist,Morten Søborg,Johan Söderqvist,Mikael Persbrandt,Trine Dyrholm,Ulrich Thomsen,Drame,1,0,1,0,5.4,9.6,77.77777778,2
The fith estate,Bill Condon,Josh Singer,Carter Burwell,Tobias A. Schliessler,Virginia Katz,Benedict Cumberbatch,Daniel Brühl,Anthony Mackie,Biopic,2,2,1,2,28,8.6,-69.28571429,0
Filth,Jon S. Baird,Jon S. Baird,Clint Mansell,Matthew Jensen,Mark Eckersley,James McAvoy,Jamie Bell,Imogen Poots,Comédie noire,2,2,3,0,5,9.1,82,2
Savages,Oliver Stone,Oliver Stone,Adam Peters,Daniel Mindel,Joe Hutshing,Taylor Kitsch,Blake Lively,Aaron Taylor-Johnson,Thriller,3,0,1,0,45,83,84.44444444,2
Wall Street Money Never Sleeps,Oliver Stone,Allan Loeb,Craig Armstrong,Rodrigo Prieto,David Brenner,Michael Douglas,Shia LaBeouf,Josh Brolin,Drame,1,2,1,1,70,134.7,92.42857143,2
Jagten,Thomas Vinterberg,Thomas Vinterberg,Nikolaj Egelund,Charlotte Bruus Christensen,Anne Østerud,Mads Mikkelsen,Alexandra Rapaport,Thomas Bo Larsen,Drame,1,2,2,0,2.7,18.3,577.7777778,2
The Woman in Black,James Watkins,Jane Goldman,Marco Beltrami,Tim Maurice-Jones,Jon Harris,Daniel Radcliffe,Ciarán Hinds,Janet McTeer,Horreur,3,0,1,0,17,127,647.0588235,2
Kick Ass,Matthew Vaughn,Matthew Vaughn,John Murphy,Ben Davis,Jon Harris,Aaron Taylor-Johnson,Christopher Mintz-Plasse,Mark Strong,Super-héros,1,0,1,0,30,96.2,220.6666667,2
Time out,Andrew Niccol,Andrew Niccol,Craig Armstrong,Roger Deakins,Zach Staenberg,Justin Timberlake,Amanda Seyfried,Cillian Murphy,SF,3,0,1,0,40,174,335,2
Carnage,Roman Polanski,Roman Polanski,Alexandre Desplat,PaPaweł Edelman,Hervé de Luze,Jodie Foster,Kate Winslet,Christoph Waltz,Comédie,3,0,2,1,25,27.6,10.4,1
Ghost Writter,Roman Polanski,Roman Polanski,Alexandre Desplat,PaPaweł Edelman,Hervé de Luze,Ewan McGregor,Pierce Brosnan,Olivia Williams,Thriller,3,1,2,1,45,60.2,33.77777778,1
After Earth,M. Night Shyamalan,Stephen Gaghan,James Newton Howard,Peter Suschitzky,Steven Rosenblum,Will Smith,Jaden Smith,Sophie Okonedo,SF,3,1,1,0,130,243.8,87.53846154,2
Sinister,Scott Derrickson,Scott Derrickson,Christopher Young,Chris Norr,Frédéric Thoraval,Ethan Hawke,Juliet Rylance,Clare Foley,Horreur,0,2,3,0,3,87.7,2823.333333,2
Conjuring,James Wan,Chad Hayes,Joseph Bishara,John R. Leonetti,Kirk M. Morri,Vera Farmiga,Patrick Wilson,Ron Livingston,Horreur,0,2,3,1,20,319.5,1497.5,2
Super 8,J. J. Abrams,J. J. Abrams,Michael Giacchino,Larry Fong,Maryann Brandon,Joel Courtney ,Elle Fanning,Kyle Chandler,SF,3,0,1,0,50,260.1,420.2,2
Burried,Rodrigo Cortés,Chris Sparling,Victor Reyes,Eduard Grau,Rodrigo Cortés,Ryan Reynolds,Stephen Tobolowsky,Robert Paterson,Horreur,0,1,2,0,3,21.3,610,2
The World's End,Edgar Wright,Edgar Wright,Steven Price,Bill Pope,Paul Machliss,Simon Pegg,Nick Frost,Martin Freeman,Comédie,3,0,1,0,16,46.1,188.125,2
Sucker Punch,Zack Snyder,Zack Snyder,Tyler Bates,Larry Fong,William Hoy,Emily Browning,Abbie Cornish,Jena Malone,Fantastique,2,0,1,0,82,90,9.756097561,1
Insaisissable,Louis Leterrier,Edward Ricourt,Brian Tyler,Larry Fong,Robert Leighton,Mark Ruffalo,Mélanie Laurent,Jesse Eisenberg,Thriller,3,0,1,0,75,351.7,368.9333333,2
Kingsman,Matthew Vaughn,Matthew Vaughn,Henry Jackman,George Richmond,Eddie Hamilton,Colin Firth,Taron Egerton,Samuel L. Jackson,Espionnage,1,2,3,0,104,414.4,298.4615385,2
La piel que habito,Pedro Almodóvar,Pedro Almodóvar,Alberto Iglesias,José Luis Alcaine,José Salcedo,Antonio Banderas,Elena Anaya,Marisa Paredes,Thriller,3,0,1,1,13.5,30.8,128.1481481,2
2012,Rolland Emmerich,Roland Emmerich,Harald Kloser,Dean Semler,David Brenner,John Cusack,Chiwetel Ejiofor,Thandie Newton,Catastrophe,1,2,3,1,200,769.7,284.85,2
Julieta,Pedro Almodóvar,Pedro Almodóvar,Alberto Iglesias,Jean-Claude Larrieu,José Salcedo,Emma Suárez,Adriana Ugarte,Daniel Grao,Drame,2,3,1,0,2,22.5,1025,2
The Expendables,Sylvester Stallone,Sylvester Stallone,Alberto Iglesias,Jeffrey L. Kimball,Ken Blackwell,Sylvester Stallone,Jason Statham,Jet Li ,Action,1,2,2,0,80,274.5,243.125,2
I Give It a Year,Dan Mazer,Dan Mazer,Ilan Eshkeri,Ben Davis,Tony Cranstoun,Simon Baker,Rose Byrne,Rafe Spall,Romance,0,1,0,1,15,28.2,88,2
Traitor,Jeffrey Nachmanoff,Jeffrey Nachmanoff,Mark Kilian,J. Michael Muro,Billy Fox,Don Cheadle,Guy Pearce,Jeff Daniels,Espionnage,2,2,0,1,22,27.6,25.45454545,1
Pompei,Paul W. S. Anderson,Julian Fellowes,Clinton Shorter,Glen MacPherson,Michele Conroy,Kit Harington,Emily Browning,Adewale Akinnuoye-Agbaje,Historique,2,1,0,1,100,117.8,17.8,1
Jack Ryan,Kenneth Branagh,Adam Cozad,Patrick Doyle,Haris Zambarloukos,Martin Walsh,Chris Pine,Keira Knightley,Kevin Costner,Espionnage,2,2,1,0,60,135.5,125.8333333,2
Gulliver's Travels,Rob Letterman,Joe Stillman,Henry Jackman,David Tattersall,Dean Zimmerman,Jack Black,Emily Blunt,Jason Segel,Comédie,3,2,1,1,112,237.4,111.9642857,2
The three stooges,Peter et Bobby Farrelly,Peter et Bobby Farrelly,John Debney,Matthew F. Leonetti,Sam Seig,Chris Diamantopoulos,Sean Hayes,Will Sasso,Comédie,3,1,0,0,30,54.8,82.66666667,2
Allied,Robert Zemeckis,Steven Knight,Alan Silvestri,Don Burgess,Jeremiah O'Driscoll,Brad Pitt,Marion Cotillard,Simon McBurney,Romance,1,2,1,1,85,119.5,40.58823529,1
Lion,Garth Davis,Luke Davies,Dustin O'Halloran,Greig Fraser,Alexandre de Franceschi,Dev Patel,Nicole Kidman,Rooney Mara,Drame,1,2,2,3,15,140.3,835.3333333,2
Skyscraper,Rawson Marshall Thurber,Rawson Marshall Thurber,Steve Jablonsky,Robert Elswit,Michael L. Sale,Dwayne Johnson,Neve Campbell,Elfina Luk,Catastrophe,1,0,0,0,125,304.9,143.92,2
Pixels,Chris Columbus,Adam Sandler,Henry Jackman,Amir Mokri,Hughes Winborne,Adam Sandler,Kevin James,Michelle Monaghan,Comédie,3,1,0,0,88,244.9,178.2954545,2
Spring Breakers,Harmony Korine,Harmony Korine,Cliff Martinez,Benoît Debie,Douglas Crise,James Franco,Vanessa Hudgens,Selena Gomez,Thriller,3,1,1,0,5,31.7,534,2
Raid dingue,Dany Boon,Dany Boon,Michael Tordjman,Denis Rouden,Elodie Codaccioni,Alice Pol,Dany Boon,Michel Blanc,Comédie,3,0,0,0,38,33.8,-11.05263158,0
Dirty papy,Dan Mazer,John Phillips,Michael Andrews,Eric Alan Edwards,Anne McCabe,Robert de Niro ,Zac Efron ,Zoey Deutch ,Comédie,3,0,0,0,25,105.2,320.8,2
The Man from UNCLE,Guy Ritchie,Guy Ritchie,Daniel Pemberton,John Mathieson,James Herbert,Henry Cavill,Armie Hammer,Alicia Vikander,Espionnage,2,1,1,1,75,109.8,46.4,1
The 5th wave,J Blakeson,Susannah Grant,Henry Jackman,Enrique Chediak,Paul Rubell,Chloë Grace Moretz,Nick Robinson,Alex Roe,SF,3,0,0,0,38,109.9,189.2105263,2
Valerian,Luc Besson,Luc Besson,Alexandre Desplat,Thierry Arbogast,Julien Rey,Dane DeHaan,Cara Delevingne,Clive Owen,SF,3,2,2,1,230,225.6,-1.913043478,0
Jupiter,Wachowskis,Wachowskis,Michael Giacchino,John Toll,Alexander Berner,Mila Kunis,Channing Tatum,Sean Bean,SF,3,2,1,1,179,181,1.117318436,1
Green Lantern,Martin Campbell,Greg Berlanti,James Newton Howard,Dion Beebe,Stuart Baird,Ryan Reynolds,Blake Lively,Peter Sarsgaard,Super-héros,1,1,0,1,200,219.8,9.9,1
Jack the Giant Slayer,Bryan Singer,Christopher McQuarrie,John Ottman,Newton Thomas Sigel,John Ottman,Nicholas Hoult,Eleanor Tomlinson,Ewan McGregor,Aventure,3,0,0,0,200,197.6,-1.2,0
Speed Racer,Wachowskis,Wachowskis,Michael Giacchino,David Tattersall,Zach Staenberg,Emile Hirsch,Christina Ricci,Matthew Fox,Action,3,1,0,0,200,95,-52.5,0
Point Break 2015,Ericson Core,Kurt Wimmer,Junkie XL,Ericson Core,Thom Noble,Luke Bracey,Édgar Ramírez,Ray Winstone,Policier,2,2,0,1,105,133.7,27.33333333,1
A quiet Place,John Krasinski,Scott Beck,Marco Beltrami,Charlotte Bruus Christensen,Christopher Tellefsen,Emily Blunt,John Krasinski,Noah Jupe,Horreur,0,1,1,1,17,340.9,1905.294118,2
A most violent year,J. C. Chandor,J. C. Chandor,Alex Ebert,Bradford Young,Ron Patane,Oscar Isaac,Jessica Chastain,Alessandro Nivola,Thriller,3,2,1,2,20,12,-40,0
The girl on the train,Tate Taylor,Erin Cressida Wilson,Danny Elfman,Charlotte Bruus Christensen,Michael McCusker,Emily Blunt ,Haley Bennett,Rebecca Ferguson,Thriller,3,0,1,1,45,173.2,284.8888889,2
The Hollars,John Krasinski,James C. Strouse,Josh Ritter,Eric Allen Edwards,Terel Gibson,John Krasinski,Anna Kendrick,Mary Elizabeth Winstead,Comédie,3,0,1,0,3.8,1.1,-71.05263158,0
Logan Lucky,Steven Soderbergh,Rebecca Blunt,David Holmes,Steven Soderbergh,Steven Soderbergh,Matthew McConaughey,Adam Driver,Daniel Craig,Comédie,3,1,2,1,29,48.5,67.24137931,2
The Beguiled,Sofia Coppola,Sofia Coppola,Phoenix,Philippe Le Sourd,Sarah Flack,Colin Farrel,Nicole Kidman,Kirsten Dunst,Drame,1,1,1,1,10,27.4,174,2
Three Billboards,Martin McDonagh,Martin McDonagh,Carter Burwell,Ben Davis,Jon Gregory,Frances McDormand,Sam Rockwell,Woody Harrelson,Comédie,3,2,2,2,13,159.2,1124.615385,2
Nous finirons ensemble,Guillaume Canet,Guillaume Canet,Rémi Daru,Christophe Offenstein,Hervé de Luze,François Cluzet,Marion Cotillard,Gilles Lellouche,Comédie,3,1,1,1,20,22.7,13.5,1
The Meg,Jon Turteltaub,Dean Georgaris,Harry Gregson-Williams,Tom Stern,Steven Kemper,Jason Statham,Li Bingbing,Rainn Wilson,Catastrophe,3,0,0,0,170,530,211.7647059,2
Ghostbusters 2016,Paul Feig,Paul Feig,Theodore Shapiro,Robert D. Yeoman,Don Zimmerman,Melissa McCarthy,Kristen Wiig,Kate McKinnon,Fantastique,2,0,0,1,144,229.1,59.09722222,2
Invincible,Angelina Jolie,Joel et Ethan Coen,Alexandre Desplat,Roger Deakins,Tim Squyres,Jack O'Connell ,Domhnall Gleeson,Garrett Hedlund,Biopic,2,2,2,3,65,163.4,151.3846154,2
Ex Machina,Alex Garland,Alex Garland,Geoff Barrow,Rob Hardy,Mark Day,Domhnall Gleeson,Alicia Vikander,Oscar Isaac,SF,3,2,2,1,15,36.9,146,2
The theory of everything,James Marsh,Anthony McCarten,Jóhann Jóhannsson,Benoît Delhomme,Jinx Godfrey,Eddie Redmayne,Felicity Jones,Charlie Cox,Biopic,2,2,1,3,15,123.7,724.6666667,2
Ave Cesar,Joel et Ethan Coen,Joel et Ethan Coen,Carter Burwell,Roger Deakins,Joel et Ethan Coen,Josh Brolin,George Clooney,Ralph Fiennes,Comédie,3,1,1,1,22,63.2,187.2727273,2
Black Snake,Karole Rocher,Jean-Pascal Zadi,Skread,Renaud Chassaing,Olivier Gajan,Thomas N'Gijol,Karole Rocher,Édouard Baer,Super-héros,1,0,0,0,9.5,1.2,-87.36842105,0
Kollektivet,Thomas Vinterberg,Thomas Vinterberg,Fons Merkies,Jesper Tøffner,Anne Osterud,Ulrich Thomsen,Fares Fares,Trine Dyrholm,Drame,1,2,1,1,5,4.3,-14,0
Kursk,Thomas Vinterberg,Robert Rodat,Alexandre Desplat,Anthony Dod Mantle,Valdís Óskarsdóttir,Matthias Schoenaerts,Colin Firth,Léa Seydoux,Historique,2,1,1,2,35,9,-74.28571429,0
Snowden,Oliver Stone,Oliver Stone,Craig Armstrong,Craig Armstrong ,Alex Marquez,Joseph Gordon-Levitt,Shailene Woodley,Melissa Leo,Drame,1,0,0,0,40,37.3,-6.75,0
In the heart of the sea,Ron Howard,Charles Leavitt,Roque Baños,Anthony Dod Mantle,Daniel P. Hanley,Chris Hemsworth,Cillian Murphy,Ben Whishaw,Aventure,3,2,1,2,100,93.9,-6.1,0
Dredd,Pete Travis,Alex Garland ,Paul Leonard-Morgan,Anthony Dod Mantle,Mark Eckersley,Karl Urban,Olivia Thirlby,Lena Headey,SF,3,1,0,1,45,41.5,-7.777777778,0
Rush,Ron Howard,Peter Morgan,Hans Zimmer,Anthony Dod Mantle,Daniel P. Hanley,Chris Hemsworth,Daniel Brühl,Olivia Wilde,Biopic,2,1,1,2,38,98.2,158.4210526,2
Edge of tomorrow,Doug Liman,Christopher McQuarrie,Christophe Beck,Dion Beebe,James Herbert,Tom Cruise,Emily Blunt,Brendan Gleeson,SF,3,2,1,1,178,370.5,108.1460674,2
The Lobster,Yórgos Lánthimos,Yórgos Lánthimos,Amy Ashworth,Thimios Bakatakis,Yorgos Mavropsaridis,Colin Farrell,Rachel Weisz,Léa Seydoux,SF,3,2,2,2,4,18,350,2
The killing of a sacred dear,Yórgos Lánthimos,Yórgos Lánthimos,Johnnie Burn,Thimios Bakatakis,Yorgos Mavropsaridis,Colin Farrell,Nicole Kidman,Alicia Silverstone,Thriller,3,2,2,1,1,6.1,510,2
La Vénus à la fourrure,Roman Polanski,Roman Polanski,Alexandre Desplat,Paweł Edelman,Margot Meynier,Emmanuelle Seigner,Mathieu Almaric,Aucun,Drame,1,1,1,0,5,8.3,66,2
D'après une histoire vraie,Roman Polanski,Roman Polanski,Alexandre Desplat,Paweł Edelman,Margot Meynier,Emmanuelle Seigner,Eva Green,Vincent Perez,Thriller,3,1,1,1,15,3.9,-74,0
Elle,Paul Verhoeven,David Birke,Anne Dudley,Stéphane Fontaine,Job ter Burg,Isabelle Huppert,Laurent Lafitte,Anne Consigny,Thriller,3,2,1,1,9.1,9.6,5.494505495,1
Réalité,Quentin Dupieux,Quentin Dupieux,Quentin Dupieux,Quentin Dupieux,Quentin Dupieux,Alain Chabat,Johnathan Lambert,Élodie Bouchez,Comédie noire,2,2,2,0,2.1,0.5,-76.19047619,0
Au poste !,Quentin Dupieux,Quentin Dupieux,David Sztanke,Quentin Dupieux,Quentin Dupieux,Benoît Poelvoorde,Grégoire Ludig,Marc Fraize,Comédie,3,0,1,0,1,2,100,2
Split,M. Night Shyamalan,M. Night Shyamalan,West Dylan Thordson,Mike Gioulakis,Luke Franco Ciarrocchi,James McAvoy,Anya Taylor-Joy,Betty Buckley,Thriller,3,2,1,1,9,278.4,2993.333333,2
Nocturnal Animals,Tom Ford,Tom Ford,Abel Korzeniowski,Seamus McGarvey,Joan Sobel,Amy Adams ,Jake Gyllenhaal ,Michael Shannon,Drame,2,2,3,1,22.5,32.4,44,1
Southpaw,Antoine Fuqua,Kurt Sutter,James Horner,Mauro Fiore,John Refoua,Jake Gyllenhaal,Rachel McAdams,Forest Whitaker,Drame,2,2,2,1,30,92,206.6666667,2
The Visit,M. Night Shyamalan,M. Night Shyamalan,Paul Cantelon,Maryse Alberti,Luke Franco Ciarrocchi,Olivia DeJonge,Ed Oxenbould,Peter McRobbie,Horreur,0,2,2,1,5,98.5,1870,2
Hereditary,Ari Aster,Ari Aster,Colin Stetson,Pawel Pogorzelski,Jennifer Lame,Toni Collette,Gabriel Byrne,Alex Wolff ,Horreur,0,2,2,0,10,79.3,693,2
It follows,David Robert Mitchell,David Robert Mitchell,Disasterpeace,Mike Gioulakis,Julio Perez IV,Maika Monroe,Keir Gilchrist,Jake Weary,Horreur,0,1,2,0,2,23.3,1065,2
10 Cloverfield Lane,Dan Trachtenberg,Damien Chazelle,Bear McCreary,Jeff Cutter,Stefan Grube,Mary Elizabeth Winstead,John Goodman,John Gallagher Jr,SF,3,1,2,1,15,110.2,634.6666667,2
Life,Daniel Espinosa,Rhett Reese,Jon Ekstrand,Seamus McGarvey,Paul Tothill,Jake Gyllenhaal,Rebecca Ferguson,Ryan Reynolds,Horreur,0,2,2,0,58,100.5,73.27586207,2
The Circle,James Ponsoldt,James Ponsoldt,Danny Elfman,Matthew Libatique,Lisa Lassek,Emma Watson,Tom Hanks,John Boyega,Thriller,3,1,1,1,18,40.7,126.1111111,2
A cure for Life,Gore Verbinski,Justin Haythe,Benjamin Wallfisch,Bojan Bazelli,Pete Beaudreau,Dane DeHaan,Jason Isaacs,Mia Goth,Horreur,0,1,1,1,40,26.5,-33.75,0
Juste la fin du monde,Xavier Dolan,Xavier Dolan,Gabriel Yared,André Turpin,Xavier Dolan,Nathalie Baye,Vincent Cassel,Gaspard Ulliel,Drame,1,1,1,0,6.9,9,30.43478261,1
Ma vie avec John F. Donovan,Xavier Dolan,Xavier Dolan,Gabriel Yared,André Turpin,Xavier Dolan,Kit Harington,Jacob Tremblay,Natalie Portman,Drame,1,1,1,0,30,3.2,-89.33333333,0
Colossal,Nacho Vigalondo,Nacho Vigalondo,Bear McCreary,Eric Kress,Ben Baudhuin,Anne Hathaway,Jason Sudeikis,Dan Stevens,SF,3,0,0,0,4.5,15,233.3333333,2
Tomb Raider,Roar Uthaug,Geneva Robertson-Dworet,Junkie XL,George Richmond,Stuart Baird,Alicia Vikander,Dominic West,Walton Goggins,Aventure,3,2,1,1,94,274.7,192.2340426,2
Room,Lenny Abrahamson,Emma Donoghue,Stephen Rennicks,Danny Cohen,Nathan Nugent,Brie Larson,Jacob Tremblay,Joan Allen,Drame,1,1,2,2,6,36.3,505,2
Birdman,Alejandro González Iñárritu,Alejandro González Iñárritu,Antonio Sánchez,Emmanuel Lubezki,Douglas Crise,Michael Keaton,Zach Galifianakis,Edward Norton ,Comédie noire,2,2,3,2,20,103.2,416,2
Whiplash,Damien Chazelle,Damien Chazelle,Justin Hurwitz,Sharone Meir,Tom Cross,Miles Teller,J. K. Simmons,Paul Reiser,Drame,1,1,3,2,3.3,49,1384.848485,2
The Grand Budapest Hotel,Wes Anderson,Wes Anderson,Alexandre Desplat,Robert D. Yeoman,Barney Pilling,Ralph Fiennes,Tony Revolori ,Saoirse Ronan,Aventure,3,1,3,3,25,174.8,599.2,2
Spotlight,Tom McCarthy,Tom McCarthy,Howard Shore,Masanobu Takayanagi,Tom McArdle,Mark Ruffalo,Michael Keaton,Rachel McAdams,Drame,1,1,1,3,20,98.3,391.5,2
The Revenant,Alejandro González Iñárritu,Alejandro González Iñárritu,Ryuichi Sakamoto,Emmanuel Lubezki,Stephen Mirrione,Leonardo DiCaprio,Tom Hardy,Domhnall Gleeson,Western,1,2,3,2,135,533,294.8148148,2
Mad Max : Fury Road,George Miller,George Miller,Junkie XL,John Seale,Margaret Sixel,Tom Hardy,Charlize Theron,Nicholas Hoult,Action,3,2,2,2,150,378.9,152.6,2
The Hateful Eight,Quentin Tarantino,Quentin Tarantino,Ennio Morricone,Robert Richardson,Fred Raskin,Samuel L. Jackson,Kurt Russell,Jennifer Jason Leigh,Western,1,1,2,2,44,155.8,254.0909091,2
Manchester by the sea,Kenneth Lonergan,Kenneth Lonergan,Lesley Barber,Jody Lee Lipes,Jennifer Lame,Casey Affleck,Michelle Williams,Lucas Hedges,Drame,1,2,3,2,9,79,777.7777778,2
La La Land,Damien Chazelle,Damien Chazelle,Justin Hurwitz,Linus Sandgren,Tom Cross,Ryan Gosling,Emma Stone,John Legend,Romance,1,2,3,2,30,446.1,1387,2
Hacksaw Ridge,Mel Gibson,Randall Wallace,Rupert Gregson-Williams,Simon Duggan,John Gilbert,Andrew Garfield,Vince Vaughn,Sam Worthington,Guerre,2,2,3,3,40,175.3,338.25,2
Get out,Jordan Peele,Jordan Peele,Michael Abels,Toby Oliver,Gregory Plotkin,Daniel Kaluuya ,Allison Williams,Catherine Keener,Horreur,0,1,1,1,4.5,255.4,5575.555556,2
The Shape of Water,Guillermo del Toro,Alexandre Desplat,Alexandre Desplat,Dan Laustsen,Sidney Wolinsky,Sally Hawkins,Michael Shannon,Richard Jenkins,Romance,1,1,1,2,20,195.2,876,2
Blade Runner 2049,Denis Villeneuve,Hampton Fancher,Hans Zimmer,Roger Deakins,Joe Walker,Ryan Gosling,Harrison Ford,Ana de Armas,SF,3,2,3,1,150,259.2,72.8,2
Dunkerke,Christopher Nolan,Christopher Nolan,Hans Zimmer,Hoyte van Hoytema,Lee Smith,Tom Hardy,Cillian Murphy,Harry Styles,Guerre,2,2,3,3,100,526.9,426.9,2
The Danish Girl,Tom Hooper,Lucinda Coxon,Alexandre Desplat,Danny Cohen,Melanie Oliver,Eddie Redmayne,Alicia Vikander,Matthias Schoenaerts,Biopic,1,1,1,3,25,64.2,156.8,2
The Neon Demon,Nicolas Winding Refn,Nicolas Winding Refn,Cliff Martinez,Natasha Braier,Mattew Newman,Elle Fanning,Karl Glusman,Jena Malone,Horreur,0,2,3,0,7,3.4,-51.42857143,0
T2,Danny Boyle,John Hodge,Ellie Roswell,Anthony Dod Mantle,Jon Harris,Ewan McGregor,Robert Carlyle,Jonny Lee Miller,Comédie noire,2,2,3,2,18,41.7,131.6666667,2
Steve Jobs,Danny Boyle,Aaron Sorkin,Daniel Pemberton,Alwin H. Küchler,Jon Harris,Michael Fassbender,Kate Winslet,Seth Rogen ,Biopic,2,1,2,3,30,34.4,14.66666667,1
Sicario,Denis Villeneuve,Taylor Sheridan,Jóhann Jóhannsson,Roger Deakins,Joe Walker,Emily Blunt,Benicio del Toro,Josh Brolin,Policier,2,1,3,1,30,84.9,183,2
Arrival,Denis Villeneuve,Eric Heisserer,Jóhann Jóhannsson,Bradford Young,Joe Walker,Amy Adams,Jeremy Renner,Forest Whitaker,SF,3,2,3,1,47,203.4,332.7659574,2
Love,Gaspar Noé,Gaspar Noé,Ken Yasumoto,Benoît Debie,Denis Bedlow,Karl Glusman,Aomi Muyock,Klara Kristin,Drame,2,2,3,1,2.5,0.9,-64,0
Climax,Gaspar Noé,Gaspar Noé,,Benoît Debie,,Sofia Boutella,Romain Guillermic,Souheila Yacoub,Horreur,0,2,2,0,2.6,1.8,-30.76923077,0
Mother!,Darren Aronofsky,Darren Aronofsky,Jóhann Jóhannsson,Matthew Libatique,Andrew Weisblum,Jennifer Lawrence,Javier Bardem,Ed Harris,Thriller,2,2,3,0,30,44.5,48.33333333,1
Noah,Darren Aronofsky,Darren Aronofsky,Clint Mansell,Matthew Libatique,Andrew Weisblum,Russell Crowe,Jennifer Connelly,Anthony Hopkins,Aventure,3,2,1,2,125,362.5,190,2
Galveston,Mélanie Laurent,Jim Hammett,Marc Chouarain,Arnaud Potier,Joseph Krings,Ben Foster,Elle Fanning,Lili Reinhart,Policier,2,1,1,0,5,0.3,-94,0
Respire,Mélanie Laurent,Mélanie Laurent,Marc Chouarain,Arnaud Potier,Guerric Catala,Joséphine Japy,Lou de Laâge,Isabelle Carré,Drame,1,2,2,0,3.8,1.1,-71.05263158,0
Knight of Cups,Terrence Malick,Terrence Malick,Hanan Townshend,Emmanuel Lubezki,Mark Yoshikawa,Christian Bale,Cate Blanchett,Natalie Portman,Drame,1,2,1,0,5,1.1,-78,0
Voyage of time,Terrence Malick,Terrence Malick,Hanan Townshend,Paul Atkins,Rehman Nizar Ali,Brad Pitt,Cate Blanchett,Aucun,Doculentaire,2,2,1,0,12,55.4,361.6666667,2
Phantom thread,Paul Thomas Anderson,Paul Thomas Anderson,Jonny Greenwood,Paul Thomas Anderson,Dylan Tichenor,Daniel Day-Lewis,Lesley Manville,Vicky Krieps,Drame,1,2,1,1,35,47.8,36.57142857,1
ihnerent vice,Paul Thomas Anderson,Paul Thomas Anderson,Jonny Greenwood,Robert Elswit,Leslie Jones,Joaquin Phoenix,Josh Brolin,Owen Wilson,Policier,2,1,2,0,20,14.7,-26.5,0
Wonder wheel,Woody Allen,Woody Allen,Aucun,Vittorio Storaro,Alisa Lepselter,James Belushi,Juno Temple,Justin Timberlake,Drame,1,1,1,0,25,15.9,-36.4,0
Café society,Woody Allen,Woody Allen,Vince Giordano,Vittorio Storaro,Alisa Lepselter,Jesse Eisenberg,Kristen Stewart,Blake Lively,Comédie,3,1,2,0,30,43.8,46,1
Irrationnal man,Woody Allen,Woody Allen,Aucun,Darius Khondji,Alisa Lepselter,Joaquin Phoenix,Emma Stone,Parker Posey,Comédie,3,0,1,0,11,27.4,149.0909091,2
Magic in the moonlight,Woody Allen,Woody Allen,Aucun,Darius Khondji,Alisa Lepselter,Colin Firth,Emma Stone,Marcia Gay Harden,Comédie,3,0,1,0,16.8,51,203.5714286,2
The house that jack built,Lars von Trier,Lars von Trier,Victor Reyes,Manuel Alberto Claro,Jacob Secher Schulsinger,Matt Dillon,Bruno Ganz,Uma Thurman,Thriller,3,2,2,0,8.7,2.8,-67.81609195,0
Don't worry he won't get far,Gus van Sant,Gus van Sant,Aucun,Christopher Blauvelt,Gus van Sant,Joaquin Phoenix,Jonah Hill,Rooney Mara,Biopic,2,1,1,0,7.5,3.9,-48,0
The sea of trees,Gus Van Sant,Gus Van Sant,Mason Bates,Kasper Tuxen,Pietro Scalia,Matthew McConaughey,Ken Watanabe,Naomi Watts,Drame,1,1,1,0,25,8.3,-66.8,0
The Sisters brothers,Jacques Audiard,Jacques Audiard,Alexandre Desplat,Benoît Debie,Juliette Welfling,Joaquin Phoenix,John C. Reilly,Jake Gyllenhaal,Western,0,1,2,1,35,9.9,-71.71428571,0
Silence,Martin Scorsese,Martin Scorsese,Kathryn Klug,Rodrigo Prieto,Thelma Schoonmaker,Andrew Garfield,Liam Neeson,Adam Driver,Historique,2,2,2,3,45,23.7,-47.33333333,0
Ready player one,Steven Spielberg,Ernest Cline,Alan Silvestri,Janusz Kamiński,Michael Kahn,Tye Sheridan,Olivia Cooke,Ben Mendelsohn,SF,3,1,1,0,175,582.5,232.8571429,2
Pentagon papers,Steven Spielberg,Liz Hannah,John Williams,Janusz Kamiński,Michael Kahn,Meryl Streep,Tom Hanks,Sarah Paulson,Drame,1,0,1,2,50,179.8,259.6,2
Bridge of spies,Joel et Ethan Coen,Thomas Newman,Thomas Newman,Janusz Kamiński,Michael Kahn,Tom Hanks,Mark Rylance,Amy Ryan,Espionnage,2,0,1,2,40,165.5,313.75,2
All the money in the world,Ridley Scott,David Scarpa,Daniel Pemberton,Dariusz Wolski,Claire Simpson,Michelle Williams,Mark Wahlberg,Christopher Plummer,Thriller,3,1,2,2,50,56.9,13.8,1
Exodus,Ridley Scott,Bill Collage,Alberto Iglesias,Dariusz Wolski,Billy Rich,Christian Bale,Joel Edgerton,John Turturro,Historique,2,1,1,2,140,268.2,91.57142857,2
The Martian,Ridley Scott,Drew Goddard,Harry Gregson-Williams,Dariusz Wolski,Pietro Scalia,Matt Damon,Jessica Chastain,Kristen Wiig,SF,3,2,3,0,108,630.2,483.5185185,2
The Big short,Adam McKay,Adam McKay,Nicholas Britell,Barry Ackroyd,Brent White,Christian Bale,Steve Carell,Ryan Gosling,Comédie noire,2,1,3,3,50,133.4,166.8,2
Moonlight,Barry Jenkins,Barry Jenkins,Nicholas Britell,James Laxton,Joi McMillon,Mahershala Ali,Janelle Monáe,Naomie Harris ,Drame,1,1,3,3,3,65.2,2073.333333,2
The birth of a nation,Nate Parker,Nate Parker,Henry Jackman,Elliot Davis,Steven Rosenblum,Nate Parker,Armie Hammer,Mark Boone Junior,Historique,2,1,2,3,8.5,16.8,97.64705882,2
Boyhood,Richard Linklater,Richard Linklater,Franklin Shepard,Lee Daniel,Sandra Adair,Ellar Coltrane,Patricia Arquette,Ethan Hawke,Comédie,3,0,3,1,4,57.3,1332.5,2
Call me by your name,Luca Guadagnino,Luca Guadagnino,Gerry Gershman,Sayombhu Mukdeeprom,Walter Fasano,Timothée Chalamet,Armie Hammer,Michael Stuhlbarg,Romance,1,0,2,1,3.5,41.9,1097.142857,2
Okja,Bong Joon-ho,Bong Joon-ho,Jaeil Jung,Darius Khondji,Meeyeon Han,Ahn Seo-hyeon,Tilda Swinton,Jake Gyllenhaal,Fantastique,2,1,2,2,50,2,-96,0
Widows,Steve McQueen,Steve McQueen,Hans Zimmer,Sean Bobbitt,Joe Walker,Viola Davis,Michelle Rodríguez,Elizabeth Debicki,Drame,1,1,1,1,42,76,80.95238095,2
Mademoiselle,Park Chan-wook,Park Chan-wook,Jo Yeong-wook,Chung Chung-hoon,Kim Jae-Bum,Kim Min-hee,Kim Tae-ri ,Ha Jeong-woo,Thriller,3,0,2,1,8.7,37.7,333.3333333,2
Monster Cars,Chris Wedge,Derek Connolly,David Sardy,Don Burgess,Conrad Buff IV,Lucas Till,Jane Levy,Amy Ryan,Fantastique,2,0,0,0,125,64.5,-48.4,0
Mortal engines,Peter Jackson,Peter Jackson,Tom Holkenborg,Simon Raby,Jonathan Woodford-Robinson,Hera Hilmar,Robert Sheehan,Hugo Weaving ,Fantastique,2,0,1,0,110,83.7,-23.90909091,0
King Arthur,Guy Ritchie,Guy Ritchie,Daniel Pemberton,John Mathieson,James Herbert,Charlie Hunnam,Àstrid Bergès-Frisbey,Djimon Hounsou ,Fantastique,2,0,0,1,175,148.7,-15.02857143,0
Death Wish,Eli Roth,Joe Carnahan,Ludwig Göransson,Rogier Stoffers,Mark Goldblatt,Bruce Willis,Vincent D'Onofrio ,Dean Norris,Policier,2,1,0,0,30,48,60,2
Overlord,Julius Avery,Billy Ray,Jed Kurzel,Laurie Rose,Matt Evans,Jovan Adepo,Wyatt Russell,Pilou Asbæk,Fantastique,2,1,0,2,38,41,7.894736842,1
The Girl in the spider web,Fede Álvarez,Steven Knight,Roque Baños,Pedro Luque,Tatiana S. Riegel,Claire Foy,Sverrir Gudnason,Lakeith Stanfield,Policier,2,0,0,2,43,34,-20.93023256,1
Hunter Killer,Donovan Marsh,Arne Schmidt,Trevor Morris,Tom Marais,Michael J. Duthie,Gerard Butler,Gary Oldman,Common,Action,3,0,0,0,40,30,-25,0
Suspiria,Luca Guadagnino,David Kajganich,Thom Yorke,Sayombhu Mukdeeprom,Walter Fasano,Dakota Johnson,Tilda Swinton,Mia Goth,Horreur,0,2,2,2,20,4.9,-75.5,0
Partriots day,Peter Berg,Peter Berg,Trent Reznor,Tobias A. Schliessler,Gabriel Fleming,Mark Wahlberg,Kevin Bacon,John Goodman,Policier,2,0,1,0,45,50.5,12.22222222,1
The dark tower,Nikolaj Arcel,Nikolaj Arcel,Tom Holkenborg,Rasmus Videbaek,Alan Edward Bell,Idris Elba,Matthew McConaughey,Tom Taylor,Fantastique,2,1,0,0,66,20,-69.6969697,0
Kong Skull Island,Jordan Vogt-Roberts,Max Borenstein,Henry Jackman,Larry Fong,Christian Wagner,Tom Hiddleston,Samuel L. Jackson,Brie Larson,Fantastique,2,1,1,1,185,566.7,206.3243243,2
Barry Seal,Doug Liman,Gary Spinelli,Christophe Beck,César Charlone,Dylan Tichenor,Tom Cruise,Sarah Wright,Domhnall Gleeson,Policier,2,0,1,1,50,134.9,169.8,2
Ben Hur,Timur Bekmambetov,John Ridley,Marco Beltrami,Oliver Wood,Dody Dorn,Jack Huston,Toby Kebbell,Sofia Black D'Elia,Historique,2,0,0,1,100,94.1,-5.9,0
Gods of Egypt,Alex Proyas,Matt Sazama,Marco Beltrami,Peter Menzies Jr.,Richard Learoyd,Nikolaj Coster-Waldau,Gerard Butler,Brenton Thwaites,Fantastique,2,1,0,0,140,150.7,7.642857143,1
Finest hours,Craig Gillespie,Eric Johnson,Carter Burwell,Javier Aguirresarobe,Tatiana S. Riegel,Chris Pine,Casey Affleck,Eric Bana,Action,3,1,0,0,75,52.1,-30.53333333,0
Darkest hours,Joe Wright,Anthony McCarten,Dario Marianelli,Bruno Delbonnel,Valerio Bonelli,Gary Oldman,Ben Mendelsohn,Kristin Scott Thomas,Historique,2,1,3,3,30,150.9,403,2
Geostorm,Dean Devlin,Dean Devlin,Lorne Balfe,Roberto Schaefer,Ron Rosen,Gerard Butler,Jim Sturgess,Abbie Cornish,Catastrophe,1,0,0,0,130,221.5,70.38461538,2
Deep water,Peter Berg,Matthew Michael Carnahan,Steve Jablonsky,Enrique Chediak,Colby Parker Jr.,Mark Wahlberg,Kurt Russell,Gina Rodriguez,Catastrophe,1,0,0,0,156,121.8,-21.92307692,0
Robin Hood,Otto Bathurst,Ben Chandler,Joseph Trapanese,George Steel,Chris Barwell,Taron Egerton,Jamie Foxx,Ben Mendelsohn,Aventure,3,0,0,1,100,84.8,-15.2,0
Hotel El Royale,Drew Goddard,Drew Goddard,Michael Giacchino,Seamus McGarvey,Lisa Lassek,Jeff Bridges,Cynthia Erivo,Dakota Johnson,Thriller,3,1,0,1,32,31.5,-1.5625,0
Murder on the Orient Express,Kenneth Branagh,Michael Green,Patrick Doyle,Haris Zambarloukos,Mick Audsley,Kenneth Branagh,Tom Bateman,Daisy Ridley,Policier,2,1,1,2,55,352.8,541.4545455,2
Concussion,Peter Landesman,Peter Landesman,James Newton Howard,Salvatore Totino,William Goldenberg,Will Smith,Alec Baldwin,Albert Brooks,Drame,1,0,1,3,35,49,40,1
Testament of Youth,James Kent,Juliette Towhidi,Max Richter,Rob Hardy,Lucia Zucchetti,Alicia Vikander,Kit Harington,Colin Morgan,Historique,2,0,0,0,10,5.3,-47,0
Bohemian Rhapsody,Dexter Fletcher,Anthony McCarten,John Ottman,Newton Thomas Sigel,John Ottman,Rami Malek,Lucy Boynton,Gwilym Lee,Biopic,2,2,3,3,55,903.7,1543.090909,2
Tom of Finland,Dome Karukoski,Aleksi Bardy,Hildur Guðnadóttir,Lasse Frank Johannessen,Harri Ylönen,Pekka Strang,Lauri Tilkanen,Jessica Grabowsky,Biopic,2,0,1,2,3.8,1.4,-63.15789474,0
Once upon a time in Hollywood,Quentin Tarantino,Quentin Tarantino,Aucun,Robert Richardson,Fred Raskin,Leonardo DiCaprio,Brad Pitt,Margot Robbie,Comédie noire,2,2,1,1,90,350,288.8888889,2
Vice,Adam McKay,Adam McKay,Nicholas Britell,Patrice Vermette,Hank Corwin,Christian Bale,Amy Adams,Steve Carell,Biopic,2,2,2,3,60,76.1,26.83333333,1
Blackklansman,Spike Lee,Spike Lee,Terence Blanchard,Chayse Irvin,Barry Alexander Brown,John David Washington,Adam Driver ,Laura Harrier,Biopic,2,2,2,3,15,93.3,522,2
The Favourite,Yórgos Lánthimos,Yórgos Lánthimos,Komeil S. Hosseini,Robbie Ryan,Yorgos Mavropsaridis,Emma Stone,Rachel Weisz,Olivia Colman,Historique,2,2,2,2,15,95.9,539.3333333,2
Green book,Peter Farrelly,Nick Vallelonga,Kris Bowers,Sean Porter,Patrick J. Don Vito,Viggo Mortensen,Mahershala Ali,Linda Cardellini,Comédie,3,2,2,3,23,322.6,1302.608696,2
Alita,Robert Rodriguez,James Cameron ,Tom Holkenborg,Bill Pope,Stephen E. Rivkin,Christoph Waltz,Jennifer Connelly,Mahershala Ali,SF,3,3,3,2,200,404.9,102.45,2
The Dead don't die,Jim Jarmusch,Jim Jarmusch,Jim Jarmusch,Frederick Elmes,Affonso Gonçalves,Bill Murray,Adam Driver,Tilda Swinton,Comédie,3,1,2,0,10,13.9,39,1
Detective Pikachu,Rob Letterman,Derek Connolly,Henry Jackman,John Mathieson,Mark Sanger,Ryan Reynolds,Justice Smith,Kathryn Newton,Fantastique,2,1,1,1,150,431.6,187.7333333,2
Rocketman,Dexter Fletcher,Lee Hall,Matthew Margeson,George Richmond,Chris Dickens,Taron Egerton,Jamie Bell,Richard Madden,Biopic,2,2,3,3,40,192.4,381,2
Escape room,Adam Robitel,Bragi F. Schut,Brian Tyler,Marc Spicer,Steve Mirkovich,Taylor Russell,Logan Miller,Deborah Ann Woll,Horreur,0,2,2,1,9,155.7,1630,2
Replicas,Jeffrey Nachmanoff,Chad St. John,Mark Kilian,Checco Varese,Pedro Javier Muñiz,Keanu Reeves,Alice Eve,Emily Alyn Lind,SF,3,1,0,0,30,9,-70,0
Fighting with my family,Stephen Merchant,Stephen Merchant,Vik Sharma,Remi Adefarasin,Nancy Richardson,Florence Pugh,Nick Frost,Lena Headey,Comédie,3,0,1,1,11,39.1,255.4545455,2
The Aftermath,James Kent,Joe Shrapnel,Martin Phipps,Franz Lustig,Beverley Mills,Keira Knightley,Alexander Skarsgård,Jason Clarke,Drame,1,0,0,0,23,9.2,-60,0
Tolkien,Dome Karukoski,David Gleeson,Thomas Newman,Lasse Frank Johannessen,Harri Ylönen,Nicholas Hoult,Lily Collins,Colm Meaney,Biopic,2,1,0,1,20,7.8,-61,0
Parasite,Bong Joon-ho,Bong Joon-ho,Jeong Jae-il,Hong Kyeong-pyo,Yang Jin-mo,Song Kang-ho,Lee Sun-kyun,Cho Yeo-jeong,Horreur,0,1,3,1,11,90.1,719.0909091,2
Us,Jordan Peele,Jordan Peele,Michael Abels,Mike Gioulakis,Nicholas Monsour,Lupita Nyong'o,Winston Duke,Elisabeth Moss,Horreur,0,2,2,1,20,254.7,1173.5,2
The Mule,Clint Eastwood,Nick Schenk,Arturo Sandoval,Yves Bélanger,Joel Cox,Clint Eastwood,Bradley Cooper,Laurence Fishburne,Drame,1,2,1,2,50,172.5,245,2
Yestersday,Danny Boyle,Richard Curtis,Daniel Pemberton,Christopher Ross,Jon Harris,Himesh Patel,Lily James,Ed Sheeran,Fantastique,2,2,2,1,26,137.1,427.3076923,2
Firstman,Damien Chazelle,Josh Singer,Justin Hurwitz,Linus Sandgren,Tom Cross,Ryan Gosling,Claire Foy,Corey Stoll,Biopic,2,3,3,3,59,105.7,79.15254237,2
If Beale Street Could Talk,Barry Jenkins,Barry Jenkins,Nicholas Britell,James Laxton,Nat Sanders,KiKi Layne,Milanni Mines,Stephan James,Romance,1,1,1,2,12,20.6,71.66666667,2
